City,Location
Chennai,Adyar
Mumbai,Airoli
Delhi,Alaknanda
Chennai,Ambattur
Mumbai,Ambernath West
Bangalore,Anagalapura Near Hennur Main Road
Mumbai,Andheri East
Mumbai,Andheri West
Bangalore,Anekal City
Chennai,Anna Nagar
Bangalore,Attibele
Chennai,Avadi
Bangalore,Avalahalli Off Sarjapur Road
Chennai,Ayanambakkam
Bangalore,BTM Layout
Hyderabad,Bachupally
Hyderabad,Bachupally Road
Delhi,Badarpur
Mumbai,Badlapur East
Bangalore,Banashankari
Bangalore,Banaswadi
Mumbai,Bandra West
Hyderabad,Banjara Hills
Hyderabad,Beeramguda
Bangalore,Begur
Mumbai,Belapur
Bangalore,Bellandur
Mumbai,Bhandup West
Mumbai,Bhiwandi
Delhi,Bindapur
Mumbai,Boisar
Bangalore,Bommanahalli
Bangalore,Bommasandra
Mumbai,Borivali East
Mumbai,Borivali West
Bangalore,Budigere Cross
Delhi,Burari
Bangalore,Chandapura
Delhi,Chattarpur
Mumbai,Chembur
Delhi,Chittaranjan Park
Chennai,Choolaimedu
Chennai,Chromepet
Mumbai,Dahisar
Mumbai,Dahisar West
Mumbai,Dattapada
Delhi,Delhi
Delhi,Delhi Meerut Expressway
Mumbai,Dombivali
Mumbai,Dombivali East
Mumbai,Dronagiri
Delhi,Dwarka Mor
Delhi,Dwarka More
Chennai,Egmore
Bangalore,Electronic City Phase 1
Bangalore,Electronic City Phase 2
Hyderabad,Gachibowli
Hyderabad,Gajularamaram
Mumbai,Ghansoli
Mumbai,Ghatkopar West
Mumbai,Goregaon East
Mumbai,Goregaon West
Bangalore,Gottigere
Delhi,Govindpuri
Delhi,Greater Kailash
Chennai,Guduvancheri
Delhi,Hari Nagar
Bangalore,Harlur
Bangalore,Hebbal
Bangalore,Hennur
Bangalore,Hennur Road
Hyderabad,Hitech City
Bangalore,Horamavu
Bangalore,Hulimavu
Bangalore,ITPL
Chennai,Iyappanthangal
Chennai,Iyyappanthangal
Bangalore,JP Nagar Phase 1
Bangalore,JP Nagar Phase 4
Bangalore,JP Nagar Phase 7
Bangalore,JP Nagar Phase 8
Bangalore,JP Nagar Phase 9
Bangalore,Jakkur
Delhi,Jamia Nagar
Delhi,Jasola
Mumbai,Jogeshwari West
Hyderabad,Jubilee Hills
Mumbai,Juhu
Bangalore,Junnasandra
Bangalore,Kadugodi
Mumbai,Kalwa
Bangalore,Kalyan Nagar
Mumbai,Kalyan West
Bangalore,Kammanahalli
Mumbai,Kamothe
Mumbai,Kandivali East
Mumbai,Kandivali West
Mumbai,Kanjurmarg
Bangalore,Kannamangala
Bangalore,Kannur on Thanisandra Main Road
Mumbai,Karanjade
Chennai,Karapakkam
Bangalore,Kasavanahalli
Chennai,Kelambakkam
Bangalore,Kengeri
Mumbai,Kharghar
Chennai,Kilkattalai
Hyderabad,Kokapet
Chennai,Kolathur
Hyderabad,Kollur Road
Bangalore,Konanakunte
Hyderabad,Kondapur
Bangalore,Koppa Begur Road
Mumbai,Koproli
Chennai,Korattur
Chennai,Kovilambakkam
Hyderabad,Krishna Reddy Pet
Bangalore,Krishnarajapura
Bangalore,Kudlu
Hyderabad,Kukatpally
Bangalore,Kumaraswamy Layout
Bangalore,Kumbalgodu
Chennai,Kundrathur
Chennai,Madambakkam
Hyderabad,Madhapur
Chennai,Madipakkam
Chennai,Maduravoyal
Mumbai,Magathane
Delhi,Mahavir Enclave
Mumbai,Malad East
Mumbai,Malad West
Hyderabad,Mallampet
Chennai,Manapakkam
Chennai,Manikandan Nagar
Hyderabad,Manikonda
Delhi,Mansa Ram Park
Bangalore,Manyata Tech Park Nagawara
Bangalore,Marathahalli
Chennai,Medavakkam
Mumbai,Mira Road East
Hyderabad,Miyapur
Chennai,Mogappair
Chennai,Mugalivakkam
Mumbai,Mulund West
Bangalore,Muneshwara Nagar
Hyderabad,Nacharam
Bangalore,Nagarbhavi
Mumbai,Naigaon East
Mumbai,Nala Sopara
Mumbai,Nalasopara West
Hyderabad,Nallagandla Gachibowli
Hyderabad,Nanakramguda
Chennai,Nanmangalam
Bangalore,Narayanapura on Hennur Main Road
Hyderabad,Narsingi
Chennai,Navallur
Bangalore,Nelamangala
Mumbai,Nerul
Delhi,New Ashok Nagar
Hyderabad,Nizampet
Delhi,Noida
Chennai,Nungambakkam
Delhi,Om Nagar
Delhi,Om Vihar
Chennai,Padur
Chennai,Pallavaram
Chennai,Pallikaranai
Chennai,Pammal
Mumbai,Panvel
Mumbai,Parel
Delhi,Paschim Vihar
Chennai,Perumbakkam
Chennai,Perungalathur
Chennai,Perungudi
Delhi,Pitampura
Chennai,Poonamallee
Bangalore,Poornapragna Housing Society Layout
Chennai,Porur
Mumbai,Powai
Chennai,Pozhichalur
Hyderabad,Puppalaguda
Bangalore,RR Nagar
Chennai,Raja Annamalai Puram
Bangalore,Rajajinagar
Bangalore,Ramamurthy Nagar
Bangalore,Richmond Town
Bangalore,Sahakar Nagar
Delhi,Saket
Mumbai,Sanpada
Delhi,Sarita Vihar
Bangalore,Sarjapur
Bangalore,Sarjapur Road Wipro To Railway Crossing
Delhi,Sector 11 Dwarka
Delhi,Sector 12 Dwarka
Delhi,Sector 13 Dwarka
Delhi,Sector 13 Rohini
Mumbai,Sector 17 Ulwe
Delhi,Sector 19 Dwarka
Delhi,Sector 2 Dwarka
Mumbai,Sector 20 Kharghar
Delhi,Sector 22 Dwarka
Delhi,Sector 23 Dwarka
Delhi,Sector 23 Rohini
Delhi,Sector 24 Rohini
Delhi,Sector 5 Dwarka
Delhi,Sector 7 Dwarka
Delhi,Sector 9 Dwarka
Delhi,Sector-18 Dwarka
Chennai,Selaiyur
Hyderabad,Serilingampally
Delhi,Shastri Nagar
Chennai,Sholinganallur
Bangalore,Subramanyapura
Chennai,Sunnambu Kolathur S Kolathur
Chennai,T Nagar
Bangalore,Talaghattapura
Mumbai,Taloja
Hyderabad,Tellapur
Mumbai,Thane
Mumbai,Thane West
Bangalore,Thanisandra
Chennai,Thiruvanmiyur
Chennai,Thiruverkadu
Chennai,Thoraipakkam OMR
Mumbai,Titwala
Chennai,Ullagaram
Mumbai,Ulwe
Delhi,Uttam Nagar
Bangalore,Uttarahalli
Chennai,Vadapalani
Chennai,Vandalur
Bangalore,Varthur
Mumbai,Vasai
Delhi,Vasant Kunj
Chennai,Velachery
Chennai,Vengaivasal
Mumbai,Ville Parle East
Mumbai,Virar
Mumbai,Virar East
Mumbai,Wadala
Delhi,West Punjabi Bagh
Bangalore,Whitefield Hope Farm Junction
Mumbai,Worli
Bangalore,Yelahanka
Bangalore,Yeshwantpur
Delhi,nawada
Bangalore,sarjapura attibele road
Chennai,tambaram west
